"year","avg"
2014,363.693084707547
2015,272.453380608219
2016,568.492406855191
2017,4006.033628701373
2018,7572.298946536986
2019,7395.246281695895
2020,11116.37809246995
2021,47436.932020646505
2022,28197.75409896436
2023,26356.863090153194
